,InvoiceNo,StockCode,Description,Quantity,InvoiceDate,UnitPrice,CustomerID,Country
1236,536532,84692,BOX OF 24 COCKTAIL PARASOLS,50,2010-12-01 13:24:00,0.42,12433.0,Norway
1237,536532,22444,GROW YOUR OWN PLANT IN A CAN ,96,2010-12-01 13:24:00,1.06,12433.0,Norway
1238,536532,22899,CHILDREN'S APRON DOLLY GIRL ,8,2010-12-01 13:24:00,2.1,12433.0,Norway
1239,536532,21156,RETROSPOT CHILDRENS APRON,8,2010-12-01 13:24:00,1.95,12433.0,Norway
1240,536532,22556,PLASTERS IN TIN CIRCUS PARADE ,24,2010-12-01 13:24:00,1.65,12433.0,Norway
1241,536532,22555,PLASTERS IN TIN STRONGMAN,36,2010-12-01 13:24:00,1.65,12433.0,Norway
1242,536532,22554,PLASTERS IN TIN WOODLAND ANIMALS,24,2010-12-01 13:24:00,1.65,12433.0,Norway
1243,536532,22553,PLASTERS IN TIN SKULLS,24,2010-12-01 13:24:00,1.65,12433.0,Norway
1244,536532,22551,PLASTERS IN TIN SPACEBOY,24,2010-12-01 13:24:00,1.65,12433.0,Norway
1245,536532,22547,MINI JIGSAW DINOSAUR ,24,2010-12-01 13:24:00,0.42,12433.0,Norway
1246,536532,22544,MINI JIGSAW SPACEBOY,24,2010-12-01 13:24:00,0.42,12433.0,Norway
1247,536532,22543,MINI JIGSAW BAKE A CAKE ,24,2010-12-01 13:24:00,0.42,12433.0,Norway
1248,536532,22540,MINI JIGSAW CIRCUS PARADE ,24,2010-12-01 13:24:00,0.42,12433.0,Norway
1249,536532,22539,MINI JIGSAW DOLLY GIRL,24,2010-12-01 13:24:00,0.42,12433.0,Norway
1250,536532,22534,MAGIC DRAWING SLATE SPACEBOY ,24,2010-12-01 13:24:00,0.42,12433.0,Norway
1251,536532,22530,MAGIC DRAWING SLATE DOLLY GIRL ,24,2010-12-01 13:24:00,0.42,12433.0,Norway
1252,536532,22531,MAGIC DRAWING SLATE CIRCUS PARADE  ,24,2010-12-01 13:24:00,0.42,12433.0,Norway
1253,536532,22561,WOODEN SCHOOL COLOURING SET,24,2010-12-01 13:24:00,1.65,12433.0,Norway
1254,536532,22489,PACK OF 12 TRADITIONAL CRAYONS,24,2010-12-01 13:24:00,0.42,12433.0,Norway
1255,536532,22814,CARD PARTY GAMES ,12,2010-12-01 13:24:00,0.42,12433.0,Norway
1256,536532,21520,BOOZE & WOMEN GREETING CARD ,12,2010-12-01 13:24:00,0.42,12433.0,Norway
1257,536532,21506,"FANCY FONT BIRTHDAY CARD, ",12,2010-12-01 13:24:00,0.42,12433.0,Norway
1258,536532,22716,CARD CIRCUS PARADE,12,2010-12-01 13:24:00,0.42,12433.0,Norway
1259,536532,22866,HAND WARMER SCOTTY DOG DESIGN,12,2010-12-01 13:24:00,2.1,12433.0,Norway
1260,536532,22632,HAND WARMER RED RETROSPOT,12,2010-12-01 13:24:00,2.1,12433.0,Norway
1261,536532,22865,HAND WARMER OWL DESIGN,12,2010-12-01 13:24:00,2.1,12433.0,Norway
1262,536532,22114,HOT WATER BOTTLE TEA AND SYMPATHY,8,2010-12-01 13:24:00,3.95,12433.0,Norway
1263,536532,21982,PACK OF 12 SUKI TISSUES ,48,2010-12-01 13:24:00,0.29,12433.0,Norway
1264,536532,21981,PACK OF 12 WOODLAND TISSUES ,48,2010-12-01 13:24:00,0.29,12433.0,Norway
1265,536532,21967,PACK OF 12 SKULL TISSUES,48,2010-12-01 13:24:00,0.29,12433.0,Norway
1266,536532,22092,BLUE PAISLEY TISSUE BOX,12,2010-12-01 13:24:00,1.25,12433.0,Norway
1267,536532,21983,PACK OF 12 BLUE PAISLEY TISSUES ,48,2010-12-01 13:24:00,0.29,12433.0,Norway
1268,536532,22615,PACK OF 12 CIRCUS PARADE TISSUES ,48,2010-12-01 13:24:00,0.29,12433.0,Norway
1269,536532,21980,PACK OF 12 RED RETROSPOT TISSUES ,48,2010-12-01 13:24:00,0.29,12433.0,Norway
1270,536532,22614,PACK OF 12 SPACEBOY TISSUES,48,2010-12-01 13:24:00,0.29,12433.0,Norway
1271,536532,22095,LADS ONLY TISSUE BOX,12,2010-12-01 13:24:00,1.25,12433.0,Norway
1272,536532,22094,RED RETROSPOT TISSUE BOX,12,2010-12-01 13:24:00,1.25,12433.0,Norway
1273,536532,21984,PACK OF 12 PINK PAISLEY TISSUES ,48,2010-12-01 13:24:00,0.29,12433.0,Norway
1274,536532,22557,PLASTERS IN TIN VINTAGE PAISLEY ,36,2010-12-01 13:24:00,1.65,12433.0,Norway
1275,536532,21786,POLKADOT RAIN HAT ,24,2010-12-01 13:24:00,0.42,12433.0,Norway
1276,536532,21080,SET/20 RED RETROSPOT PAPER NAPKINS ,36,2010-12-01 13:24:00,0.85,12433.0,Norway
1277,536532,22963,JAM JAR WITH GREEN LID,12,2010-12-01 13:24:00,0.85,12433.0,Norway
1278,536532,22962,JAM JAR WITH PINK LID,12,2010-12-01 13:24:00,0.85,12433.0,Norway
1279,536532,22961,JAM MAKING SET PRINTED,24,2010-12-01 13:24:00,1.45,12433.0,Norway
1280,536532,84375,SET OF 20 KIDS COOKIE CUTTERS,24,2010-12-01 13:24:00,2.1,12433.0,Norway
1281,536532,22966,GINGERBREAD MAN COOKIE CUTTER,24,2010-12-01 13:24:00,1.25,12433.0,Norway
1282,536532,21874,GIN AND TONIC MUG,24,2010-12-01 13:24:00,1.25,12433.0,Norway
1283,536532,21873,IF YOU CAN'T STAND THE HEAT MUG,24,2010-12-01 13:24:00,1.25,12433.0,Norway
1284,536532,21870,I CAN ONLY PLEASE ONE PERSON MUG,24,2010-12-01 13:24:00,1.25,12433.0,Norway
1285,536532,22956,36 FOIL HEART CAKE CASES,12,2010-12-01 13:24:00,2.1,12433.0,Norway
1286,536532,84050,PINK HEART SHAPE EGG FRYING PAN,72,2010-12-01 13:24:00,1.25,12433.0,Norway
1287,536532,84991,60 TEATIME FAIRY CAKE CASES,24,2010-12-01 13:24:00,0.55,12433.0,Norway
1288,536532,84992,72 SWEETHEART FAIRY CAKE CASES,24,2010-12-01 13:24:00,0.55,12433.0,Norway
1289,536532,21213,PACK OF 72 SKULL CAKE CASES,24,2010-12-01 13:24:00,0.55,12433.0,Norway
1290,536532,21977,PACK OF 60 PINK PAISLEY CAKE CASES,24,2010-12-01 13:24:00,0.55,12433.0,Norway
1291,536532,21212,PACK OF 72 RETROSPOT CAKE CASES,24,2010-12-01 13:24:00,0.55,12433.0,Norway
1292,536532,22198,LARGE POPCORN HOLDER ,48,2010-12-01 13:24:00,1.65,12433.0,Norway
1293,536532,22197,SMALL POPCORN HOLDER,72,2010-12-01 13:24:00,0.85,12433.0,Norway
1294,536532,22315,200 RED + WHITE BENDY STRAWS,12,2010-12-01 13:24:00,1.25,12433.0,Norway
1295,536532,22667,RECIPE BOX RETROSPOT ,12,2010-12-01 13:24:00,2.95,12433.0,Norway
1296,536532,22666,RECIPE BOX PANTRY YELLOW DESIGN,12,2010-12-01 13:24:00,2.95,12433.0,Norway
1297,536532,22665,RECIPE BOX BLUE SKETCHBOOK DESIGN,12,2010-12-01 13:24:00,2.95,12433.0,Norway
1298,536532,22558,CLOTHES PEGS RETROSPOT PACK 24 ,24,2010-12-01 13:24:00,1.49,12433.0,Norway
1299,536532,22567,20 DOLLY PEGS RETROSPOT,24,2010-12-01 13:24:00,1.25,12433.0,Norway
1300,536532,85150,LADIES & GENTLEMEN METAL SIGN,12,2010-12-01 13:24:00,2.55,12433.0,Norway
1301,536532,21166,COOK WITH WINE METAL SIGN ,12,2010-12-01 13:24:00,1.95,12433.0,Norway
1302,536532,85152,HAND OVER THE CHOCOLATE   SIGN ,24,2010-12-01 13:24:00,2.1,12433.0,Norway
1303,536532,82600,NO SINGING METAL SIGN,24,2010-12-01 13:24:00,2.1,12433.0,Norway
1304,536532,21733,RED HANGING HEART T-LIGHT HOLDER,6,2010-12-01 13:24:00,2.95,12433.0,Norway
1305,536532,20685,DOORMAT RED RETROSPOT,2,2010-12-01 13:24:00,7.95,12433.0,Norway
1306,536532,22842,BISCUIT TIN VINTAGE RED,6,2010-12-01 13:24:00,6.75,12433.0,Norway
1307,536532,22494,EMERGENCY FIRST AID TIN ,24,2010-12-01 13:24:00,1.25,12433.0,Norway
1308,536532,21260,FIRST AID TIN,12,2010-12-01 13:24:00,3.25,12433.0,Norway
7891,537065,22837,HOT WATER BOTTLE BABUSHKA ,8,2010-12-05 11:57:00,4.65,12567.0,France
7892,537065,22846,BREAD BIN DINER STYLE RED ,1,2010-12-05 11:57:00,16.95,12567.0,France
7893,537065,22892,SET OF SALT AND PEPPER TOADSTOOLS,12,2010-12-05 11:57:00,1.25,12567.0,France
7894,537065,22968,ROSE COTTAGE KEEPSAKE BOX ,8,2010-12-05 11:57:00,8.5,12567.0,France
7895,537065,84678,CLASSICAL ROSE SMALL VASE,6,2010-12-05 11:57:00,2.55,12567.0,France
7896,537065,20665,RED RETROSPOT PURSE ,6,2010-12-05 11:57:00,2.95,12567.0,France
7897,537065,21786,POLKADOT RAIN HAT ,24,2010-12-05 11:57:00,0.42,12567.0,France
7898,537065,21787,RAIN PONCHO RETROSPOT,24,2010-12-05 11:57:00,0.85,12567.0,France
7899,537065,20750,RED RETROSPOT MINI CASES,6,2010-12-05 11:57:00,7.95,12567.0,France
7900,537065,20749,ASSORTED COLOUR MINI CASES,2,2010-12-05 11:57:00,7.95,12567.0,France
7901,537065,21774,DECORATIVE CATS BATHROOM BOTTLE,12,2010-12-05 11:57:00,1.25,12567.0,France
7902,537065,21121,SET/10 RED POLKADOT PARTY CANDLES,24,2010-12-05 11:57:00,1.25,12567.0,France
7903,537065,21439,BASKET OF TOADSTOOLS,12,2010-12-05 11:57:00,1.25,12567.0,France
7904,537065,47566,PARTY BUNTING,5,2010-12-05 11:57:00,4.65,12567.0,France
7905,537065,22727,ALARM CLOCK BAKELIKE RED ,4,2010-12-05 11:57:00,3.75,12567.0,France
7906,537065,22726,ALARM CLOCK BAKELIKE GREEN,4,2010-12-05 11:57:00,3.75,12567.0,France
7907,537065,22728,ALARM CLOCK BAKELIKE PINK,4,2010-12-05 11:57:00,3.75,12567.0,France
7908,537065,22729,ALARM CLOCK BAKELIKE ORANGE,4,2010-12-05 11:57:00,3.75,12567.0,France
7909,537065,22243,5 HOOK HANGER RED MAGIC TOADSTOOL,12,2010-12-05 11:57:00,1.65,12567.0,France
7910,537065,22467,GUMBALL COAT RACK,6,2010-12-05 11:57:00,2.55,12567.0,France
7911,537065,22318,FIVE HEART HANGING DECORATION,6,2010-12-05 11:57:00,2.95,12567.0,France
7912,537065,21195,PINK  HONEYCOMB PAPER BALL ,6,2010-12-05 11:57:00,2.1,12567.0,France
7913,537065,20725,LUNCH BAG RED RETROSPOT,10,2010-12-05 11:57:00,1.65,12567.0,France
7914,537065,20726,LUNCH BAG WOODLAND,20,2010-12-05 11:57:00,1.65,12567.0,France
7915,537065,20728,LUNCH BAG CARS BLUE,10,2010-12-05 11:57:00,1.65,12567.0,France
7916,537065,21559,STRAWBERRY LUNCH BOX WITH CUTLERY,6,2010-12-05 11:57:00,2.55,12567.0,France
7917,537065,22326,ROUND SNACK BOXES SET OF4 WOODLAND ,6,2010-12-05 11:57:00,2.95,12567.0,France
7918,537065,22352,LUNCH BOX WITH CUTLERY RETROSPOT ,6,2010-12-05 11:57:00,2.55,12567.0,France
7919,537065,21555,CERAMIC STRAWBERRY TRINKET TRAY,6,2010-12-05 11:57:00,2.55,12567.0,France
7920,537065,21533,RETROSPOT LARGE MILK JUG,3,2010-12-05 11:57:00,4.95,12567.0,France
7921,537065,21539,RED RETROSPOT BUTTER DISH,3,2010-12-05 11:57:00,4.95,12567.0,France
7922,537065,22423,REGENCY CAKESTAND 3 TIER,2,2010-12-05 11:57:00,12.75,12567.0,France
7923,537065,84997A,GREEN 3 PIECE POLKADOT CUTLERY SET,6,2010-12-05 11:57:00,3.75,12567.0,France
7924,537065,84997B,RED 3 PIECE RETROSPOT CUTLERY SET,6,2010-12-05 11:57:00,3.75,12567.0,France
7925,537065,84997C,BLUE 3 PIECE POLKADOT CUTLERY SET,6,2010-12-05 11:57:00,3.75,12567.0,France
7926,537065,84279P,CHERRY BLOSSOM  DECORATIVE FLASK,4,2010-12-05 11:57:00,3.75,12567.0,France
7927,537065,22634,CHILDS BREAKFAST SET SPACEBOY ,2,2010-12-05 11:57:00,9.95,12567.0,France
7928,537065,22635,CHILDS BREAKFAST SET DOLLY GIRL ,2,2010-12-05 11:57:00,9.95,12567.0,France
7929,537065,22636,CHILDS BREAKFAST SET CIRCUS PARADE,2,2010-12-05 11:57:00,8.5,12567.0,France
7930,537065,22180,RETROSPOT LAMP,4,2010-12-05 11:57:00,9.95,12567.0,France
7931,537065,21980,PACK OF 12 RED RETROSPOT TISSUES ,24,2010-12-05 11:57:00,0.29,12567.0,France
7932,537065,21981,PACK OF 12 WOODLAND TISSUES ,24,2010-12-05 11:57:00,0.29,12567.0,France
7933,537065,21982,PACK OF 12 SUKI TISSUES ,24,2010-12-05 11:57:00,0.29,12567.0,France
7934,537065,22614,PACK OF 12 SPACEBOY TISSUES,24,2010-12-05 11:57:00,0.29,12567.0,France
7935,537065,22615,PACK OF 12 CIRCUS PARADE TISSUES ,24,2010-12-05 11:57:00,0.29,12567.0,France
7936,537065,84870B,BLUE GEISHA GIRL ,4,2010-12-05 11:57:00,3.75,12567.0,France
7937,537065,84870C,GREEN GEISHA GIRL ,4,2010-12-05 11:57:00,3.75,12567.0,France
7938,537065,22554,PLASTERS IN TIN WOODLAND ANIMALS,12,2010-12-05 11:57:00,1.65,12567.0,France
7939,537065,22551,PLASTERS IN TIN SPACEBOY,12,2010-12-05 11:57:00,1.65,12567.0,France
7940,537065,16238,PARTY TIME PENCIL ERASERS,28,2010-12-05 11:57:00,0.21,12567.0,France
7941,537065,85227,SET OF 6 3D KIT CARDS FOR KIDS,12,2010-12-05 11:57:00,0.85,12567.0,France
7942,537065,22632,HAND WARMER RED RETROSPOT,12,2010-12-05 11:57:00,2.1,12567.0,France
7943,537065,21829,DINOSAUR KEYRINGS ASSORTED,36,2010-12-05 11:57:00,0.21,12567.0,France
7944,537065,21556,CERAMIC STRAWBERRY MONEY BOX,6,2010-12-05 11:57:00,2.55,12567.0,France
7945,537065,22644,CERAMIC CHERRY CAKE MONEY BANK,12,2010-12-05 11:57:00,1.45,12567.0,France
7946,537065,22390,PAPERWEIGHT CHILDHOOD MEMORIES,6,2010-12-05 11:57:00,2.55,12567.0,France
7947,537065,22483,RED GINGHAM TEDDY BEAR ,6,2010-12-05 11:57:00,2.95,12567.0,France
7948,537065,21054,NURSE'S BAG SOFT TOY,6,2010-12-05 11:57:00,8.95,12567.0,France
7949,537065,21055,TOOL BOX SOFT TOY ,6,2010-12-05 11:57:00,8.95,12567.0,France
7950,537065,21892,TRADITIONAL WOODEN CATCH CUP GAME ,12,2010-12-05 11:57:00,1.25,12567.0,France
7951,537065,22619,SET OF 6 SOLDIER SKITTLES,4,2010-12-05 11:57:00,3.75,12567.0,France
7952,537065,84963A,PINK PAINTED KASHMIRI CHAIR,4,2010-12-05 11:57:00,42.95,12567.0,France
7953,537065,POST,POSTAGE,9,2010-12-05 11:57:00,18.0,12567.0,France
5237,536851,20682,RED RETROSPOT CHILDRENS UMBRELLA,24,2010-12-03 09:49:00,3.25,12967.0,United Kingdom
5238,536851,22111,SCOTTIE DOG HOT WATER BOTTLE,36,2010-12-03 09:49:00,4.95,12967.0,United Kingdom
5239,536851,21485,RETROSPOT HEART HOT WATER BOTTLE,6,2010-12-03 09:49:00,4.95,12967.0,United Kingdom
5240,536851,22128,PARTY CONES CANDY ASSORTED,60,2010-12-03 09:49:00,1.25,12967.0,United Kingdom
5241,536851,20749,ASSORTED COLOUR MINI CASES,12,2010-12-03 09:49:00,7.95,12967.0,United Kingdom
5242,536851,22276,WASH BAG VINTAGE ROSE PAISLEY,36,2010-12-03 09:49:00,2.55,12967.0,United Kingdom
5243,536851,22503,CABIN BAG VINTAGE PAISLEY,6,2010-12-03 09:49:00,29.95,12967.0,United Kingdom
5244,536851,21430,SET/3 RED GINGHAM ROSE STORAGE BOX,48,2010-12-03 09:49:00,4.25,12967.0,United Kingdom
5245,536851,21429,RED GINGHAM ROSE JEWELLERY BOX,56,2010-12-03 09:49:00,1.65,12967.0,United Kingdom
5246,536851,21428,SET3 BOOK BOX GREEN GINGHAM FLOWER ,8,2010-12-03 09:49:00,4.25,12967.0,United Kingdom
5247,536851,22333,RETROSPOT PARTY BAG + STICKER SET,32,2010-12-03 09:49:00,1.65,12967.0,United Kingdom
5248,536851,22180,RETROSPOT LAMP,6,2010-12-03 09:49:00,9.95,12967.0,United Kingdom
5249,536851,22504,CABIN BAG VINTAGE RETROSPOT,6,2010-12-03 09:49:00,29.95,12967.0,United Kingdom
5250,536851,21094,SET/6 RED SPOTTY PAPER PLATES,12,2010-12-03 09:49:00,0.85,12967.0,United Kingdom
5251,536851,21086,SET/6 RED SPOTTY PAPER CUPS,12,2010-12-03 09:49:00,0.65,12967.0,United Kingdom
6492,536946,22813,PACK 3 BOXES BIRD PANNETONE ,12,2010-12-03 12:28:00,1.95,13013.0,United Kingdom
6493,536946,22812,PACK 3 BOXES CHRISTMAS PANNETONE,12,2010-12-03 12:28:00,1.95,13013.0,United Kingdom
6494,536946,22738,RIBBON REEL SNOWY VILLAGE,20,2010-12-03 12:28:00,1.65,13013.0,United Kingdom
6495,536946,22731,3D CHRISTMAS STAMPS STICKERS ,18,2010-12-03 12:28:00,1.25,13013.0,United Kingdom
6496,536946,22086,PAPER CHAIN KIT 50'S CHRISTMAS ,12,2010-12-03 12:28:00,2.95,13013.0,United Kingdom
6497,536946,22910,PAPER CHAIN KIT VINTAGE CHRISTMAS,12,2010-12-03 12:28:00,2.95,13013.0,United Kingdom
6498,536946,22083,PAPER CHAIN KIT RETROSPOT,12,2010-12-03 12:28:00,2.95,13013.0,United Kingdom
6499,536946,22909,SET OF 20 VINTAGE CHRISTMAS NAPKINS,12,2010-12-03 12:28:00,0.85,13013.0,United Kingdom
6500,536946,22952,60 CAKE CASES VINTAGE CHRISTMAS,24,2010-12-03 12:28:00,0.55,13013.0,United Kingdom
6501,536946,22943,CHRISTMAS LIGHTS 10 VINTAGE BAUBLES,12,2010-12-03 12:28:00,4.95,13013.0,United Kingdom
6502,536946,22941,CHRISTMAS LIGHTS 10 REINDEER,12,2010-12-03 12:28:00,8.5,13013.0,United Kingdom
6503,536946,84692,BOX OF 24 COCKTAIL PARASOLS,25,2010-12-03 12:28:00,0.42,13013.0,United Kingdom
6504,536946,20750,RED RETROSPOT MINI CASES,4,2010-12-03 12:28:00,7.95,13013.0,United Kingdom
6505,536946,15036,ASSORTED COLOURS SILK FAN,12,2010-12-03 12:28:00,0.75,13013.0,United Kingdom
6506,536946,22449,SILK PURSE BABUSHKA PINK,12,2010-12-03 12:28:00,3.35,13013.0,United Kingdom
6507,536946,22450,SILK PURSE BABUSHKA BLUE,6,2010-12-03 12:28:00,3.35,13013.0,United Kingdom
6508,536946,22451,SILK PURSE BABUSHKA RED,12,2010-12-03 12:28:00,3.35,13013.0,United Kingdom
6509,536946,22452,MEASURING TAPE BABUSHKA PINK,6,2010-12-03 12:28:00,2.95,13013.0,United Kingdom
6510,536946,22454,MEASURING TAPE BABUSHKA RED,6,2010-12-03 12:28:00,2.95,13013.0,United Kingdom
6511,536946,85049E,SCANDINAVIAN REDS RIBBONS,12,2010-12-03 12:28:00,1.25,13013.0,United Kingdom
6512,536946,22090,PAPER BUNTING RETROSPOT,6,2010-12-03 12:28:00,2.95,13013.0,United Kingdom
6513,536946,21114,LAVENDER SCENTED FABRIC HEART,20,2010-12-03 12:28:00,1.25,13013.0,United Kingdom
6514,536946,84879,ASSORTED COLOUR BIRD ORNAMENT,16,2010-12-03 12:28:00,1.69,13013.0,United Kingdom
6515,536946,22557,PLASTERS IN TIN VINTAGE PAISLEY ,12,2010-12-03 12:28:00,1.65,13013.0,United Kingdom
6516,536946,22942,CHRISTMAS LIGHTS 10 SANTAS ,6,2010-12-03 12:28:00,8.5,13013.0,United Kingdom
6517,536946,21212,PACK OF 72 RETROSPOT CAKE CASES,24,2010-12-03 12:28:00,0.55,13013.0,United Kingdom
6518,536946,21843,RED RETROSPOT CAKE STAND,2,2010-12-03 12:28:00,10.95,13013.0,United Kingdom
6519,536946,22697,GREEN REGENCY TEACUP AND SAUCER,12,2010-12-03 12:28:00,2.95,13013.0,United Kingdom
6520,536946,22699,ROSES REGENCY TEACUP AND SAUCER ,12,2010-12-03 12:28:00,2.95,13013.0,United Kingdom
6521,536947,84692,BOX OF 24 COCKTAIL PARASOLS,25,2010-12-03 12:29:00,0.42,13013.0,United Kingdom
6522,536947,20665,RED RETROSPOT PURSE ,6,2010-12-03 12:29:00,2.95,13013.0,United Kingdom
6523,536947,21035,SET/2 RED RETROSPOT TEA TOWELS ,6,2010-12-03 12:29:00,2.95,13013.0,United Kingdom
6524,536947,20983,12 PENCILS TALL TUBE RED RETROSPOT,12,2010-12-03 12:29:00,0.85,13013.0,United Kingdom
6525,536947,21080,SET/20 RED RETROSPOT PAPER NAPKINS ,12,2010-12-03 12:29:00,0.85,13013.0,United Kingdom
6526,536947,21086,SET/6 RED SPOTTY PAPER CUPS,12,2010-12-03 12:29:00,0.65,13013.0,United Kingdom
6527,536947,21094,SET/6 RED SPOTTY PAPER PLATES,12,2010-12-03 12:29:00,0.85,13013.0,United Kingdom
6528,536947,21210,SET OF 72 RETROSPOT PAPER  DOILIES,12,2010-12-03 12:29:00,1.45,13013.0,United Kingdom
6529,536947,21212,PACK OF 72 RETROSPOT CAKE CASES,24,2010-12-03 12:29:00,0.55,13013.0,United Kingdom
6530,536947,21216,"SET 3 RETROSPOT TEA,COFFEE,SUGAR",4,2010-12-03 12:29:00,4.95,13013.0,United Kingdom
6531,536947,21155,RED RETROSPOT PEG BAG,6,2010-12-03 12:29:00,2.1,13013.0,United Kingdom
6532,536947,21154,RED RETROSPOT OVEN GLOVE ,10,2010-12-03 12:29:00,1.25,13013.0,United Kingdom
6533,536947,21217,RED RETROSPOT ROUND CAKE TINS,3,2010-12-03 12:29:00,9.95,13013.0,United Kingdom
6534,536947,21527,RED RETROSPOT TRADITIONAL TEAPOT ,2,2010-12-03 12:29:00,7.95,13013.0,United Kingdom
6535,536947,21592,RETROSPOT CIGAR BOX MATCHES ,24,2010-12-03 12:29:00,1.25,13013.0,United Kingdom
6536,536947,21531,RED RETROSPOT SUGAR JAM BOWL,6,2010-12-03 12:29:00,2.55,13013.0,United Kingdom
6537,536947,21539,RED RETROSPOT BUTTER DISH,3,2010-12-03 12:29:00,4.95,13013.0,United Kingdom
6538,536947,21844,RED RETROSPOT MUG,6,2010-12-03 12:29:00,2.95,13013.0,United Kingdom
6539,536947,22072,RED RETROSPOT TEA CUP AND SAUCER ,4,2010-12-03 12:29:00,3.75,13013.0,United Kingdom
6540,536947,22333,RETROSPOT PARTY BAG + STICKER SET,8,2010-12-03 12:29:00,1.65,13013.0,United Kingdom
6541,536947,22558,CLOTHES PEGS RETROSPOT PACK 24 ,12,2010-12-03 12:29:00,1.49,13013.0,United Kingdom
6542,536947,22423,REGENCY CAKESTAND 3 TIER,3,2010-12-03 12:29:00,12.75,13013.0,United Kingdom
6543,536947,22567,20 DOLLY PEGS RETROSPOT,12,2010-12-03 12:29:00,1.25,13013.0,United Kingdom
6544,536947,35004C,SET OF 3 COLOURED  FLYING DUCKS,3,2010-12-03 12:29:00,5.45,13013.0,United Kingdom
6545,536947,84534B,FAIRY CAKE NOTEBOOK A5 SIZE,24,2010-12-03 12:29:00,0.85,13013.0,United Kingdom
6546,536947,84991,60 TEATIME FAIRY CAKE CASES,24,2010-12-03 12:29:00,0.55,13013.0,United Kingdom
6547,536947,22754,SMALL RED BABUSHKA NOTEBOOK ,12,2010-12-03 12:29:00,0.85,13013.0,United Kingdom
6548,536947,22468,BABUSHKA LIGHTS STRING OF 10,4,2010-12-03 12:29:00,6.75,13013.0,United Kingdom
6549,536947,21098,CHRISTMAS TOILET ROLL,12,2010-12-03 12:29:00,1.25,13013.0,United Kingdom
6550,536947,21121,SET/10 RED POLKADOT PARTY CANDLES,24,2010-12-03 12:29:00,1.25,13013.0,United Kingdom
6551,536947,37343,POLKADOT MUG PINK ,6,2010-12-03 12:29:00,1.65,13013.0,United Kingdom
6552,536947,22740,POLKADOT PEN,48,2010-12-03 12:29:00,0.85,13013.0,United Kingdom
6553,536947,21843,RED RETROSPOT CAKE STAND,4,2010-12-03 12:29:00,10.95,13013.0,United Kingdom
6554,536947,84510A,SET OF 4 ENGLISH ROSE COASTERS,10,2010-12-03 12:29:00,1.25,13013.0,United Kingdom
6555,536947,84030E,ENGLISH ROSE HOT WATER BOTTLE,4,2010-12-03 12:29:00,4.25,13013.0,United Kingdom
6556,536947,84536A,ENGLISH ROSE NOTEBOOK A7 SIZE,16,2010-12-03 12:29:00,0.42,13013.0,United Kingdom
6557,536947,84520B,PACK 20 ENGLISH ROSE PAPER NAPKINS,12,2010-12-03 12:29:00,0.85,13013.0,United Kingdom
6558,536947,22041,"RECORD FRAME 7"" SINGLE SIZE ",12,2010-12-03 12:29:00,2.55,13013.0,United Kingdom
7314,537034,22867,HAND WARMER BIRD DESIGN,96,2010-12-03 17:20:00,1.85,13081.0,United Kingdom
7315,537034,22866,HAND WARMER SCOTTY DOG DESIGN,96,2010-12-03 17:20:00,1.85,13081.0,United Kingdom
7316,537034,22865,HAND WARMER OWL DESIGN,96,2010-12-03 17:20:00,1.85,13081.0,United Kingdom
7317,537034,22633,HAND WARMER UNION JACK,96,2010-12-03 17:20:00,1.85,13081.0,United Kingdom
7318,537034,22616,PACK OF 12 LONDON TISSUES ,48,2010-12-03 17:20:00,0.29,13081.0,United Kingdom
7319,537034,22910,PAPER CHAIN KIT VINTAGE CHRISTMAS,40,2010-12-03 17:20:00,2.55,13081.0,United Kingdom
7320,537034,21094,SET/6 RED SPOTTY PAPER PLATES,36,2010-12-03 17:20:00,0.85,13081.0,United Kingdom
7321,537034,84006,MAGIC TREE -PAPER FLOWERS,36,2010-12-03 17:20:00,0.85,13081.0,United Kingdom
7322,537034,22029,SPACEBOY BIRTHDAY CARD,24,2010-12-03 17:20:00,0.42,13081.0,United Kingdom
7323,537034,21504,SKULLS GREETING CARD,24,2010-12-03 17:20:00,0.42,13081.0,United Kingdom
7324,537034,22431,WATERING CAN BLUE ELEPHANT,24,2010-12-03 17:20:00,1.95,13081.0,United Kingdom
7325,537034,21731,RED TOADSTOOL LED NIGHT LIGHT,24,2010-12-03 17:20:00,1.65,13081.0,United Kingdom
7326,537034,22553,PLASTERS IN TIN SKULLS,24,2010-12-03 17:20:00,1.65,13081.0,United Kingdom
7327,537034,22418,10 COLOUR SPACEBOY PEN,24,2010-12-03 17:20:00,0.85,13081.0,United Kingdom
7328,537034,22197,SMALL POPCORN HOLDER,24,2010-12-03 17:20:00,0.85,13081.0,United Kingdom
7329,537034,22662,LUNCH BAG DOLLY GIRL DESIGN,20,2010-12-03 17:20:00,1.65,13081.0,United Kingdom
7330,537034,22629,SPACEBOY LUNCH BOX ,12,2010-12-03 17:20:00,1.95,13081.0,United Kingdom
7331,537034,22738,RIBBON REEL SNOWY VILLAGE,10,2010-12-03 17:20:00,1.65,13081.0,United Kingdom
7332,537034,22732,3D VINTAGE CHRISTMAS STICKERS ,18,2010-12-03 17:20:00,1.25,13081.0,United Kingdom
7333,537034,21086,SET/6 RED SPOTTY PAPER CUPS,12,2010-12-03 17:20:00,0.65,13081.0,United Kingdom
7334,537034,22348,TEA BAG PLATE RED RETROSPOT,12,2010-12-03 17:20:00,0.85,13081.0,United Kingdom
7335,537034,20829,GLITTER HANGING BUTTERFLY STRING,8,2010-12-03 17:20:00,2.1,13081.0,United Kingdom
7336,537034,84247G,"DECOUPAGE,GREETING CARD,",12,2010-12-03 17:20:00,0.42,13081.0,United Kingdom
7337,537034,20963,APPLE BATH SPONGE,20,2010-12-03 17:20:00,1.25,13081.0,United Kingdom
7338,537034,21224,SET/4 SKULL BADGES,10,2010-12-03 17:20:00,1.25,13081.0,United Kingdom
7339,537034,22090,PAPER BUNTING RETROSPOT,24,2010-12-03 17:20:00,2.95,13081.0,United Kingdom
7340,537034,22433,WATERING CAN GREEN DINOSAUR,12,2010-12-03 17:20:00,1.95,13081.0,United Kingdom
7341,537034,21721,CANDY SHOP  STICKER SHEET,24,2010-12-03 17:20:00,0.85,13081.0,United Kingdom
7342,537034,21232,STRAWBERRY CERAMIC TRINKET BOX,12,2010-12-03 17:20:00,1.25,13081.0,United Kingdom
7343,537034,22133,PINK LOVE HEART SHAPE CUP,12,2010-12-03 17:20:00,0.85,13081.0,United Kingdom
7344,537034,21559,STRAWBERRY LUNCH BOX WITH CUTLERY,6,2010-12-03 17:20:00,2.55,13081.0,United Kingdom
7345,537034,22024,RAINY LADIES BIRTHDAY CARD,12,2010-12-03 17:20:00,0.42,13081.0,United Kingdom
7346,537034,21677,HEARTS  STICKERS,12,2010-12-03 17:20:00,0.85,13081.0,United Kingdom
7347,537034,84988,SET OF 72 PINK HEART PAPER DOILIES,12,2010-12-03 17:20:00,1.45,13081.0,United Kingdom
7348,537034,22131,FOOD CONTAINER SET 3 LOVE HEART ,12,2010-12-03 17:20:00,1.95,13081.0,United Kingdom
7349,537034,20971,PINK BLUE FELT CRAFT TRINKET BOX,12,2010-12-03 17:20:00,1.25,13081.0,United Kingdom
7350,537034,20972,PINK CREAM FELT CRAFT TRINKET BOX ,12,2010-12-03 17:20:00,1.25,13081.0,United Kingdom
7351,537034,21947,SET OF 6 HEART CHOPSTICKS,12,2010-12-03 17:20:00,1.25,13081.0,United Kingdom
7352,537034,22466,FAIRY TALE COTTAGE NIGHTLIGHT,12,2010-12-03 17:20:00,1.95,13081.0,United Kingdom
7353,537034,21726,MULTI HEARTS  STICKERS,12,2010-12-03 17:20:00,0.85,13081.0,United Kingdom
7354,537034,21211,SET OF 72 SKULL PAPER  DOILIES,12,2010-12-03 17:20:00,1.45,13081.0,United Kingdom
7355,537034,84029E,RED WOOLLY HOTTIE WHITE HEART.,12,2010-12-03 17:20:00,3.75,13081.0,United Kingdom
7356,537034,84375,SET OF 20 KIDS COOKIE CUTTERS,12,2010-12-03 17:20:00,2.1,13081.0,United Kingdom
7357,537034,21125,SET 6 FOOTBALL CELEBRATION CANDLES,12,2010-12-03 17:20:00,1.25,13081.0,United Kingdom
7358,537034,21164,HOME SWEET HOME METAL SIGN ,12,2010-12-03 17:20:00,2.95,13081.0,United Kingdom
7359,537034,21877,HOME SWEET HOME MUG,12,2010-12-03 17:20:00,1.25,13081.0,United Kingdom
7360,537034,22111,SCOTTIE DOG HOT WATER BOTTLE,12,2010-12-03 17:20:00,4.95,13081.0,United Kingdom
7361,537034,22434,BALLOON PUMP WITH 10 BALLOONS,8,2010-12-03 17:20:00,1.95,13081.0,United Kingdom
7362,537034,21724,PANDA AND BUNNIES STICKER SHEET,12,2010-12-03 17:20:00,0.85,13081.0,United Kingdom
7363,537034,21429,RED GINGHAM ROSE JEWELLERY BOX,8,2010-12-03 17:20:00,1.65,13081.0,United Kingdom
7364,537034,22569,FELTCRAFT CUSHION BUTTERFLY,12,2010-12-03 17:20:00,3.75,13081.0,United Kingdom
7365,537034,84030E,ENGLISH ROSE HOT WATER BOTTLE,12,2010-12-03 17:20:00,4.25,13081.0,United Kingdom
7366,537034,22837,HOT WATER BOTTLE BABUSHKA ,12,2010-12-03 17:20:00,4.65,13081.0,United Kingdom
7367,537034,22142,CHRISTMAS CRAFT WHITE FAIRY ,12,2010-12-03 17:20:00,1.45,13081.0,United Kingdom
7368,537034,22748,POPPY'S PLAYHOUSE KITCHEN,6,2010-12-03 17:20:00,2.1,13081.0,United Kingdom
7369,537034,22780,LIGHT GARLAND BUTTERFILES PINK,8,2010-12-03 17:20:00,4.25,13081.0,United Kingdom
7370,537034,22940,FELTCRAFT CHRISTMAS FAIRY,12,2010-12-03 17:20:00,4.25,13081.0,United Kingdom
7371,537034,22198,LARGE POPCORN HOLDER ,12,2010-12-03 17:20:00,1.65,13081.0,United Kingdom
7372,537034,22745,POPPY'S PLAYHOUSE BEDROOM ,6,2010-12-03 17:20:00,2.1,13081.0,United Kingdom
7373,537034,22746,POPPY'S PLAYHOUSE LIVINGROOM ,6,2010-12-03 17:20:00,2.1,13081.0,United Kingdom
7374,537034,22747,POPPY'S PLAYHOUSE BATHROOM,6,2010-12-03 17:20:00,2.1,13081.0,United Kingdom
7375,537034,20676,RED RETROSPOT BOWL,8,2010-12-03 17:20:00,1.25,13081.0,United Kingdom
7376,537034,21243,PINK  POLKADOT PLATE ,8,2010-12-03 17:20:00,1.69,13081.0,United Kingdom
7377,537034,84997D,PINK 3 PIECE POLKADOT CUTLERY SET,6,2010-12-03 17:20:00,3.75,13081.0,United Kingdom
7378,537034,22432,WATERING CAN PINK BUNNY,6,2010-12-03 17:20:00,1.95,13081.0,United Kingdom
7379,537034,15060B,FAIRY CAKE DESIGN UMBRELLA,4,2010-12-03 17:20:00,3.75,13081.0,United Kingdom
7380,537034,22327,ROUND SNACK BOXES SET OF 4 SKULLS,6,2010-12-03 17:20:00,2.95,13081.0,United Kingdom
7381,537034,21481,FAWN BLUE HOT WATER BOTTLE,12,2010-12-03 17:20:00,2.95,13081.0,United Kingdom
7382,537034,22314,OFFICE MUG WARMER CHOC+BLUE,6,2010-12-03 17:20:00,2.95,13081.0,United Kingdom
7383,537034,22570,FELTCRAFT CUSHION RABBIT,8,2010-12-03 17:20:00,3.75,13081.0,United Kingdom
7384,537034,22200,FRYING PAN PINK POLKADOT,4,2010-12-03 17:20:00,4.25,13081.0,United Kingdom
7385,537034,22568,FELTCRAFT CUSHION OWL,8,2010-12-03 17:20:00,3.75,13081.0,United Kingdom
7386,537034,21843,RED RETROSPOT CAKE STAND,2,2010-12-03 17:20:00,10.95,13081.0,United Kingdom
7387,537035,37446,MINI CAKE STAND WITH HANGING CAKES,8,2010-12-03 17:21:00,1.45,13081.0,United Kingdom
253,536394,21506,"FANCY FONT BIRTHDAY CARD, ",24,2010-12-01 10:39:00,0.42,13408.0,United Kingdom
254,536394,22633,HAND WARMER UNION JACK,96,2010-12-01 10:39:00,1.85,13408.0,United Kingdom
255,536394,22866,HAND WARMER SCOTTY DOG DESIGN,96,2010-12-01 10:39:00,1.85,13408.0,United Kingdom
256,536394,22865,HAND WARMER OWL DESIGN,96,2010-12-01 10:39:00,1.85,13408.0,United Kingdom
257,536394,22632,HAND WARMER RED RETROSPOT,96,2010-12-01 10:39:00,1.85,13408.0,United Kingdom
258,536394,21485,RETROSPOT HEART HOT WATER BOTTLE,12,2010-12-01 10:39:00,4.95,13408.0,United Kingdom
259,536394,22349,DOG BOWL CHASING BALL DESIGN,12,2010-12-01 10:39:00,3.75,13408.0,United Kingdom
260,536394,22558,CLOTHES PEGS RETROSPOT PACK 24 ,48,2010-12-01 10:39:00,1.25,13408.0,United Kingdom
261,536394,85152,HAND OVER THE CHOCOLATE   SIGN ,12,2010-12-01 10:39:00,2.1,13408.0,United Kingdom
262,536394,85123A,WHITE HANGING HEART T-LIGHT HOLDER,32,2010-12-01 10:39:00,2.55,13408.0,United Kingdom
263,536394,22652,TRAVEL SEWING KIT,20,2010-12-01 10:39:00,1.65,13408.0,United Kingdom
4941,C536827,21527,RED RETROSPOT TRADITIONAL TEAPOT ,-3,2010-12-02 17:31:00,6.95,13408.0,United Kingdom
5226,536848,22910,PAPER CHAIN KIT VINTAGE CHRISTMAS,80,2010-12-03 09:39:00,2.55,13408.0,United Kingdom
5227,536848,21930,JUMBO STORAGE BAG SKULLS,100,2010-12-03 09:39:00,1.65,13408.0,United Kingdom
5228,536848,21928,JUMBO BAG SCANDINAVIAN PAISLEY,100,2010-12-03 09:39:00,1.65,13408.0,United Kingdom
3271,536617,21356,TOAST ITS - FAIRY FLOWER,12,2010-12-02 10:17:00,1.25,13941.0,United Kingdom
3272,536617,21354,TOAST ITS - BEST MUM,12,2010-12-02 10:17:00,1.25,13941.0,United Kingdom
3273,536617,79321,CHILLI LIGHTS,24,2010-12-02 10:17:00,4.25,13941.0,United Kingdom
3274,536617,72741,GRAND CHOCOLATECANDLE,144,2010-12-02 10:17:00,1.25,13941.0,United Kingdom
3275,536617,22179,SET 10 LIGHTS NIGHT OWL,24,2010-12-02 10:17:00,5.95,13941.0,United Kingdom
3276,536617,85116,BLACK CANDELABRA T-LIGHT HOLDER,96,2010-12-02 10:17:00,0.65,13941.0,United Kingdom
3277,536617,21125,SET 6 FOOTBALL CELEBRATION CANDLES,12,2010-12-02 10:17:00,1.25,13941.0,United Kingdom
3278,536617,85175,CACTI T-LIGHT CANDLES,96,2010-12-02 10:17:00,0.42,13941.0,United Kingdom
3279,536617,79302M,"ART LIGHTS,FUNK MONKEY",20,2010-12-02 10:17:00,2.55,13941.0,United Kingdom
3280,536617,20893,HANGING BAUBLE T-LIGHT HOLDER SMALL,108,2010-12-02 10:17:00,2.1,13941.0,United Kingdom
3281,536617,21743,STAR PORTABLE TABLE LIGHT ,96,2010-12-02 10:17:00,2.55,13941.0,United Kingdom
7278,C537024,20893,HANGING BAUBLE T-LIGHT HOLDER SMALL,-36,2010-12-03 16:21:00,2.1,13941.0,United Kingdom
4786,536804,21745,GAOLERS KEYS DECORATIVE GARDEN ,24,2010-12-02 16:34:00,3.39,14031.0,United Kingdom
4787,536804,22423,REGENCY CAKESTAND 3 TIER,16,2010-12-02 16:34:00,10.95,14031.0,United Kingdom
4788,536804,22777,GLASS CLOCHE LARGE,12,2010-12-02 16:34:00,7.65,14031.0,United Kingdom
4789,536804,22778,GLASS CLOCHE SMALL,24,2010-12-02 16:34:00,3.39,14031.0,United Kingdom
4790,536804,21484,CHICK GREY HOT WATER BOTTLE,36,2010-12-02 16:34:00,2.95,14031.0,United Kingdom
4791,536804,84029E,RED WOOLLY HOTTIE WHITE HEART.,48,2010-12-02 16:34:00,3.39,14031.0,United Kingdom
4792,536804,84029G,KNITTED UNION FLAG HOT WATER BOTTLE,48,2010-12-02 16:34:00,3.39,14031.0,United Kingdom
4793,536804,37370,RETRO COFFEE MUGS ASSORTED,72,2010-12-02 16:34:00,1.06,14031.0,United Kingdom
4794,536804,21524,DOORMAT SPOTTY HOME SWEET HOME,10,2010-12-02 16:34:00,6.75,14031.0,United Kingdom
4795,536804,48138,DOORMAT UNION FLAG,10,2010-12-02 16:34:00,6.75,14031.0,United Kingdom
4796,536804,22926,IVORY GIANT GARDEN THERMOMETER,4,2010-12-02 16:34:00,5.95,14031.0,United Kingdom
4797,536804,22365,DOORMAT RESPECTABLE HOUSE,10,2010-12-02 16:34:00,6.75,14031.0,United Kingdom
4798,536804,22326,ROUND SNACK BOXES SET OF4 WOODLAND ,6,2010-12-02 16:34:00,2.95,14031.0,United Kingdom
4799,536804,22328,ROUND SNACK BOXES SET OF 4 FRUITS ,6,2010-12-02 16:34:00,2.95,14031.0,United Kingdom
4800,536804,20679,EDWARDIAN PARASOL RED,12,2010-12-02 16:34:00,5.95,14031.0,United Kingdom
4801,536804,15056BL,EDWARDIAN PARASOL BLACK,12,2010-12-02 16:34:00,5.95,14031.0,United Kingdom
4802,536804,21658,GLASS  BEURRE DISH,8,2010-12-02 16:34:00,3.95,14031.0,United Kingdom
4803,536804,22065,CHRISTMAS PUDDING TRINKET POT ,10,2010-12-02 16:34:00,1.45,14031.0,United Kingdom
4804,536804,22988,SOLDIERS EGG CUP ,72,2010-12-02 16:34:00,1.25,14031.0,United Kingdom
4805,536804,22697,GREEN REGENCY TEACUP AND SAUCER,6,2010-12-02 16:34:00,2.95,14031.0,United Kingdom
4806,536804,22798,ANTIQUE GLASS DRESSING TABLE POT,2,2010-12-02 16:34:00,2.95,14031.0,United Kingdom
4807,536804,84879,ASSORTED COLOUR BIRD ORNAMENT,48,2010-12-02 16:34:00,1.69,14031.0,United Kingdom
4808,536804,22801,ANTIQUE GLASS PEDESTAL BOWL,6,2010-12-02 16:34:00,3.75,14031.0,United Kingdom
4809,536804,22800,ANTIQUE TALL SWIRLGLASS TRINKET POT,12,2010-12-02 16:34:00,3.75,14031.0,United Kingdom
4810,536804,79067,CORONA MEXICAN TRAY,17,2010-12-02 16:34:00,3.75,14031.0,United Kingdom
6377,536938,22386,JUMBO BAG PINK POLKADOT,20,2010-12-03 12:05:00,1.95,14680.0,United Kingdom
6378,536938,85099C,JUMBO  BAG BAROQUE BLACK WHITE,20,2010-12-03 12:05:00,1.95,14680.0,United Kingdom
6379,536938,21931,JUMBO STORAGE BAG SUKI,20,2010-12-03 12:05:00,1.95,14680.0,United Kingdom
6380,536938,20712,JUMBO BAG WOODLAND ANIMALS,20,2010-12-03 12:05:00,1.95,14680.0,United Kingdom
6381,536938,20713,JUMBO BAG OWLS,20,2010-12-03 12:05:00,1.95,14680.0,United Kingdom
6382,536938,20724,RED RETROSPOT CHARLOTTE BAG,20,2010-12-03 12:05:00,0.85,14680.0,United Kingdom
6383,536938,22356,CHARLOTTE BAG PINK POLKADOT,20,2010-12-03 12:05:00,0.85,14680.0,United Kingdom
6384,536938,84997B,RED 3 PIECE RETROSPOT CUTLERY SET,24,2010-12-03 12:05:00,3.75,14680.0,United Kingdom
6385,536938,84997A,GREEN 3 PIECE POLKADOT CUTLERY SET,24,2010-12-03 12:05:00,3.75,14680.0,United Kingdom
6386,536938,21479,WHITE SKULL HOT WATER BOTTLE ,72,2010-12-03 12:05:00,3.39,14680.0,United Kingdom
6387,536938,22112,CHOCOLATE HOT WATER BOTTLE,72,2010-12-03 12:05:00,4.25,14680.0,United Kingdom
6388,536938,22837,HOT WATER BOTTLE BABUSHKA ,36,2010-12-03 12:05:00,4.25,14680.0,United Kingdom
6389,536938,21258,VICTORIAN SEWING BOX LARGE,24,2010-12-03 12:05:00,10.95,14680.0,United Kingdom
6390,536938,79321,CHILLI LIGHTS,72,2010-12-03 12:05:00,4.25,14680.0,United Kingdom
1404,536540,22968,ROSE COTTAGE KEEPSAKE BOX ,4,2010-12-01 14:05:00,9.95,14911.0,EIRE
1405,536540,85071A,BLUE CHARLIE+LOLA PERSONAL DOORSIGN,6,2010-12-01 14:05:00,2.95,14911.0,EIRE
1406,536540,85071C,"CHARLIE+LOLA""EXTREMELY BUSY"" SIGN",6,2010-12-01 14:05:00,2.55,14911.0,EIRE
1407,536540,22355,CHARLOTTE BAG SUKI DESIGN,50,2010-12-01 14:05:00,0.85,14911.0,EIRE
1408,536540,21579,LOLITA  DESIGN  COTTON TOTE BAG,6,2010-12-01 14:05:00,2.25,14911.0,EIRE
1409,536540,21576,LETS GO SHOPPING COTTON TOTE BAG,6,2010-12-01 14:05:00,2.25,14911.0,EIRE
1410,536540,22147,FELTCRAFT BUTTERFLY HEARTS,12,2010-12-01 14:05:00,1.45,14911.0,EIRE
1411,536540,22150,3 STRIPEY MICE FELTCRAFT,12,2010-12-01 14:05:00,1.95,14911.0,EIRE
1412,536540,22492,MINI PAINT SET VINTAGE ,36,2010-12-01 14:05:00,0.65,14911.0,EIRE
1413,536540,22493,PAINT YOUR OWN CANVAS SET,24,2010-12-01 14:05:00,1.65,14911.0,EIRE
1414,536540,21833,CAMOUFLAGE LED TORCH,12,2010-12-01 14:05:00,1.69,14911.0,EIRE
1415,536540,85135B,BLUE DRAGONFLY HELICOPTER,2,2010-12-01 14:05:00,7.95,14911.0,EIRE
1416,536540,85136A,YELLOW SHARK HELICOPTER,2,2010-12-01 14:05:00,7.95,14911.0,EIRE
1417,536540,85136C,RED SHARK HELICOPTER,2,2010-12-01 14:05:00,7.95,14911.0,EIRE
1418,536540,21055,TOOL BOX SOFT TOY ,4,2010-12-01 14:05:00,8.95,14911.0,EIRE
1419,536540,21056,DOCTOR'S BAG SOFT TOY,4,2010-12-01 14:05:00,8.95,14911.0,EIRE
1420,536540,21889,WOODEN BOX OF DOMINOES,24,2010-12-01 14:05:00,1.25,14911.0,EIRE
1421,536540,21891,TRADITIONAL WOODEN SKIPPING ROPE,12,2010-12-01 14:05:00,1.25,14911.0,EIRE
1422,536540,22622,BOX OF VINTAGE ALPHABET BLOCKS,6,2010-12-01 14:05:00,9.95,14911.0,EIRE
1423,536540,C2,CARRIAGE,1,2010-12-01 14:05:00,50.0,14911.0,EIRE
1424,536541,21915,RED  HARMONICA IN BOX ,12,2010-12-01 14:05:00,1.25,14911.0,EIRE
4785,536803,22113,GREY HEART HOT WATER BOTTLE,6,2010-12-02 16:33:00,3.75,14911.0,EIRE
6677,536975,84352,SILVER CHRISTMAS TREE BAUBLE STAND ,1,2010-12-03 14:04:00,16.95,14911.0,EIRE
6678,536975,22948,METAL DECORATION NAUGHTY CHILDREN ,24,2010-12-03 14:04:00,0.85,14911.0,EIRE
6679,536975,22945,CHRISTMAS METAL TAGS ASSORTED ,36,2010-12-03 14:04:00,0.85,14911.0,EIRE
6680,536975,22944,CHRISTMAS METAL POSTCARD WITH BELLS,24,2010-12-03 14:04:00,1.25,14911.0,EIRE
6681,536975,22158,3 HEARTS HANGING DECORATION RUSTIC,8,2010-12-03 14:04:00,2.95,14911.0,EIRE
6682,536975,22572,ROCKING HORSE GREEN CHRISTMAS ,12,2010-12-03 14:04:00,0.85,14911.0,EIRE
6683,536975,22571,ROCKING HORSE RED CHRISTMAS ,12,2010-12-03 14:04:00,0.85,14911.0,EIRE
6684,536975,22246,"GARLAND, MAGIC GARDEN 1.8M",12,2010-12-03 14:04:00,1.95,14911.0,EIRE
6685,536975,22910,PAPER CHAIN KIT VINTAGE CHRISTMAS,6,2010-12-03 14:04:00,2.95,14911.0,EIRE
6686,536975,22086,PAPER CHAIN KIT 50'S CHRISTMAS ,6,2010-12-03 14:04:00,2.95,14911.0,EIRE
6687,536975,20668,DISCO BALL CHRISTMAS DECORATION,48,2010-12-03 14:04:00,0.12,14911.0,EIRE
6688,536975,22909,SET OF 20 VINTAGE CHRISTMAS NAPKINS,24,2010-12-03 14:04:00,0.85,14911.0,EIRE
6689,536975,22952,60 CAKE CASES VINTAGE CHRISTMAS,24,2010-12-03 14:04:00,0.55,14911.0,EIRE
6690,536975,21815,STAR  T-LIGHT HOLDER ,24,2010-12-03 14:04:00,1.45,14911.0,EIRE
6691,536975,35967,FOLK ART METAL STAR T-LIGHT HOLDER,24,2010-12-03 14:04:00,0.38,14911.0,EIRE
6692,536975,22049,WRAP CHRISTMAS SCREEN PRINT,50,2010-12-03 14:04:00,0.42,14911.0,EIRE
6693,536975,85032D,YULETIDE IMAGES GIFT WRAP SET,12,2010-12-03 14:04:00,2.1,14911.0,EIRE
6694,536975,22752,SET 7 BABUSHKA NESTING BOXES,6,2010-12-03 14:04:00,8.5,14911.0,EIRE
6695,536975,22075,6 RIBBONS ELEGANT CHRISTMAS ,12,2010-12-03 14:04:00,1.65,14911.0,EIRE
6696,536975,22585,PACK OF 6 BIRDY GIFT TAGS,12,2010-12-03 14:04:00,1.25,14911.0,EIRE
6697,536975,22844,VINTAGE CREAM DOG FOOD CONTAINER,4,2010-12-03 14:04:00,8.5,14911.0,EIRE
6698,536975,22845,VINTAGE CREAM CAT FOOD CONTAINER,4,2010-12-03 14:04:00,6.35,14911.0,EIRE
6699,536975,22846,BREAD BIN DINER STYLE RED ,2,2010-12-03 14:04:00,16.95,14911.0,EIRE
6700,536975,22847,BREAD BIN DINER STYLE IVORY,2,2010-12-03 14:04:00,16.95,14911.0,EIRE
6701,536975,22848,BREAD BIN DINER STYLE PINK,2,2010-12-03 14:04:00,16.95,14911.0,EIRE
6702,536975,22849,BREAD BIN DINER STYLE MINT,2,2010-12-03 14:04:00,16.95,14911.0,EIRE
6703,536975,22946,WOODEN ADVENT CALENDAR CREAM,2,2010-12-03 14:04:00,16.95,14911.0,EIRE
6704,536975,22947,WOODEN ADVENT CALENDAR RED,2,2010-12-03 14:04:00,16.95,14911.0,EIRE
6705,536975,22560,TRADITIONAL MODELLING CLAY,24,2010-12-03 14:04:00,1.25,14911.0,EIRE
6706,536975,21912,VINTAGE SNAKES & LADDERS,4,2010-12-03 14:04:00,3.75,14911.0,EIRE
6707,536975,22549,PICTURE DOMINOES,12,2010-12-03 14:04:00,1.45,14911.0,EIRE
6708,536975,21914,BLUE HARMONICA IN BOX ,12,2010-12-03 14:04:00,1.25,14911.0,EIRE
6709,536975,21888,BINGO SET,4,2010-12-03 14:04:00,3.75,14911.0,EIRE
6710,536975,22623,BOX OF VINTAGE JIGSAW BLOCKS ,3,2010-12-03 14:04:00,4.95,14911.0,EIRE
6711,536975,21064,BOOM BOX SPEAKER BOYS,6,2010-12-03 14:04:00,5.95,14911.0,EIRE
6712,536975,84558A,3D DOG PICTURE PLAYING CARDS,6,2010-12-03 14:04:00,2.95,14911.0,EIRE
6713,536975,85227,SET OF 6 3D KIT CARDS FOR KIDS,12,2010-12-03 14:04:00,0.85,14911.0,EIRE
6714,536975,22299,PIG KEYRING WITH LIGHT & SOUND ,24,2010-12-03 14:04:00,1.25,14911.0,EIRE
6715,536975,22180,RETROSPOT LAMP,4,2010-12-03 14:04:00,9.95,14911.0,EIRE
6716,536975,84849B,FAIRY SOAP SOAP HOLDER,12,2010-12-03 14:04:00,1.69,14911.0,EIRE
6717,536975,84849A,HELLO SAILOR BLUE SOAP HOLDER,12,2010-12-03 14:04:00,1.69,14911.0,EIRE
6718,536975,20966,SANDWICH BATH SPONGE,10,2010-12-03 14:04:00,1.25,14911.0,EIRE
6719,536975,20961,STRAWBERRY BATH SPONGE ,10,2010-12-03 14:04:00,1.25,14911.0,EIRE
6720,536975,22863,SOAP DISH BROCANTE,6,2010-12-03 14:04:00,2.95,14911.0,EIRE
6721,536975,22423,REGENCY CAKESTAND 3 TIER,4,2010-12-03 14:04:00,12.75,14911.0,EIRE
6722,536975,22304,COFFEE MUG BLUE PAISLEY DESIGN,6,2010-12-03 14:04:00,2.55,14911.0,EIRE
6723,536975,22837,HOT WATER BOTTLE BABUSHKA ,8,2010-12-03 14:04:00,4.65,14911.0,EIRE
6724,536975,22941,CHRISTMAS LIGHTS 10 REINDEER,12,2010-12-03 14:04:00,8.5,14911.0,EIRE
6725,536975,22942,CHRISTMAS LIGHTS 10 SANTAS ,10,2010-12-03 14:04:00,8.5,14911.0,EIRE
6726,536975,22816,CARD MOTORBIKE SANTA,24,2010-12-03 14:04:00,0.42,14911.0,EIRE
6727,536975,22121,NOEL WOODEN BLOCK LETTERS ,12,2010-12-03 14:04:00,5.45,14911.0,EIRE
6728,536975,79321,CHILLI LIGHTS,4,2010-12-03 14:04:00,4.95,14911.0,EIRE
6729,536975,22704,WRAP RED APPLES ,25,2010-12-03 14:04:00,0.42,14911.0,EIRE
6730,536975,22705,WRAP GREEN PEARS ,25,2010-12-03 14:04:00,0.42,14911.0,EIRE
6731,536975,22748,POPPY'S PLAYHOUSE KITCHEN,6,2010-12-03 14:04:00,2.1,14911.0,EIRE
6732,536975,22745,POPPY'S PLAYHOUSE BEDROOM ,6,2010-12-03 14:04:00,2.1,14911.0,EIRE
6733,536975,22746,POPPY'S PLAYHOUSE LIVINGROOM ,6,2010-12-03 14:04:00,2.1,14911.0,EIRE
6734,536975,22747,POPPY'S PLAYHOUSE BATHROOM,6,2010-12-03 14:04:00,2.1,14911.0,EIRE
6735,536975,22592,CARDHOLDER HOLLY WREATH METAL,4,2010-12-03 14:04:00,3.75,14911.0,EIRE
6736,536975,21165,BEWARE OF THE CAT METAL SIGN ,12,2010-12-03 14:04:00,1.69,14911.0,EIRE
6737,536975,21179,NO JUNK MAIL METAL SIGN,12,2010-12-03 14:04:00,1.25,14911.0,EIRE
6738,536975,21164,HOME SWEET HOME METAL SIGN ,6,2010-12-03 14:04:00,2.95,14911.0,EIRE
6739,536975,21484,CHICK GREY HOT WATER BOTTLE,4,2010-12-03 14:04:00,3.45,14911.0,EIRE
6740,536975,22114,HOT WATER BOTTLE TEA AND SYMPATHY,8,2010-12-03 14:04:00,3.95,14911.0,EIRE
6741,536975,84030E,ENGLISH ROSE HOT WATER BOTTLE,4,2010-12-03 14:04:00,4.25,14911.0,EIRE
6742,536975,22113,GREY HEART HOT WATER BOTTLE,8,2010-12-03 14:04:00,3.75,14911.0,EIRE
6743,536975,22112,CHOCOLATE HOT WATER BOTTLE,9,2010-12-03 14:04:00,4.95,14911.0,EIRE
6744,536975,84559A,3D SHEET OF DOG STICKERS,12,2010-12-03 14:04:00,0.85,14911.0,EIRE
6745,536975,84559B,3D SHEET OF CAT STICKERS,12,2010-12-03 14:04:00,0.85,14911.0,EIRE
6746,536975,20981,12 PENCILS TALL TUBE WOODLAND,12,2010-12-03 14:04:00,0.85,14911.0,EIRE
6747,536975,20982,12 PENCILS TALL TUBE SKULLS,12,2010-12-03 14:04:00,0.85,14911.0,EIRE
4850,536809,84950,ASSORTED COLOUR T-LIGHT HOLDER,1824,2010-12-02 16:48:00,0.55,15299.0,United Kingdom
4851,536810,21833,CAMOUFLAGE LED TORCH,204,2010-12-02 16:50:00,1.49,15299.0,United Kingdom
4852,536811,22275,WEEKEND BAG VINTAGE ROSE PAISLEY,69,2010-12-02 16:51:00,7.65,15299.0,United Kingdom
7986,537081,22409,MONEY BOX BISCUITS DESIGN,12,2010-12-05 12:00:00,1.25,15332.0,Lithuania
7987,537081,21915,RED  HARMONICA IN BOX ,36,2010-12-05 12:00:00,1.25,15332.0,Lithuania
7988,537081,15056BL,EDWARDIAN PARASOL BLACK,12,2010-12-05 12:00:00,5.95,15332.0,Lithuania
7989,537081,15056N,EDWARDIAN PARASOL NATURAL,12,2010-12-05 12:00:00,5.95,15332.0,Lithuania
7990,537081,20679,EDWARDIAN PARASOL RED,12,2010-12-05 12:00:00,5.95,15332.0,Lithuania
7991,537081,20686,DOLLY MIXTURE CHILDREN'S UMBRELLA,6,2010-12-05 12:00:00,3.25,15332.0,Lithuania
7992,537081,20682,RED RETROSPOT CHILDRENS UMBRELLA,6,2010-12-05 12:00:00,3.25,15332.0,Lithuania
7993,537081,20681,PINK POLKADOT CHILDRENS UMBRELLA,6,2010-12-05 12:00:00,3.25,15332.0,Lithuania
7994,537081,21429,RED GINGHAM ROSE JEWELLERY BOX,8,2010-12-05 12:00:00,1.65,15332.0,Lithuania
7995,537081,21914,BLUE HARMONICA IN BOX ,36,2010-12-05 12:00:00,1.25,15332.0,Lithuania
7996,537081,22273,FELTCRAFT DOLL MOLLY,12,2010-12-05 12:00:00,2.95,15332.0,Lithuania
7997,537081,22306,SILVER MUG BONE CHINA TREE OF LIFE,36,2010-12-05 12:00:00,1.65,15332.0,Lithuania
7998,537081,22307,GOLD MUG BONE CHINA TREE OF LIFE,36,2010-12-05 12:00:00,1.65,15332.0,Lithuania
7999,537081,22300,COFFEE MUG DOG + BALL DESIGN,18,2010-12-05 12:00:00,2.55,15332.0,Lithuania
8000,537081,22301,COFFEE MUG CAT + BIRD DESIGN,18,2010-12-05 12:00:00,2.55,15332.0,Lithuania
8001,537081,22554,PLASTERS IN TIN WOODLAND ANIMALS,24,2010-12-05 12:00:00,1.65,15332.0,Lithuania
8002,537081,22553,PLASTERS IN TIN SKULLS,12,2010-12-05 12:00:00,1.65,15332.0,Lithuania
8003,537081,22551,PLASTERS IN TIN SPACEBOY,12,2010-12-05 12:00:00,1.65,15332.0,Lithuania
8004,537081,22568,FELTCRAFT CUSHION OWL,24,2010-12-05 12:00:00,3.39,15332.0,Lithuania
8005,537081,20967,GREY FLORAL FELTCRAFT SHOULDER BAG,16,2010-12-05 12:00:00,3.75,15332.0,Lithuania
8006,537081,22569,FELTCRAFT CUSHION BUTTERFLY,16,2010-12-05 12:00:00,3.75,15332.0,Lithuania
8007,537081,22940,FELTCRAFT CHRISTMAS FAIRY,16,2010-12-05 12:00:00,4.25,15332.0,Lithuania
8008,537081,22750,FELTCRAFT PRINCESS LOLA DOLL,16,2010-12-05 12:00:00,3.75,15332.0,Lithuania
8009,537081,22751,FELTCRAFT PRINCESS OLIVIA DOLL,16,2010-12-05 12:00:00,3.75,15332.0,Lithuania
8010,537081,85114B,IVORY ENCHANTED FOREST PLACEMAT,24,2010-12-05 12:00:00,1.65,15332.0,Lithuania
8011,537086,20967,GREY FLORAL FELTCRAFT SHOULDER BAG,20,2010-12-05 12:01:00,3.75,15332.0,Lithuania
8012,537086,22271,FELTCRAFT DOLL ROSIE,48,2010-12-05 12:01:00,2.55,15332.0,Lithuania
8013,537086,22569,FELTCRAFT CUSHION BUTTERFLY,8,2010-12-05 12:01:00,3.75,15332.0,Lithuania
8014,537086,22750,FELTCRAFT PRINCESS LOLA DOLL,16,2010-12-05 12:01:00,3.75,15332.0,Lithuania
8015,537086,22751,FELTCRAFT PRINCESS OLIVIA DOLL,12,2010-12-05 12:01:00,3.75,15332.0,Lithuania
8016,537086,21429,RED GINGHAM ROSE JEWELLERY BOX,16,2010-12-05 12:01:00,1.65,15332.0,Lithuania
8017,537086,85206A,CREAM FELT EASTER EGG BASKET,24,2010-12-05 12:01:00,1.65,15332.0,Lithuania
8018,537086,22021,BLUE FELT EASTER EGG BASKET,24,2010-12-05 12:01:00,1.65,15332.0,Lithuania
8019,537090,21915,RED  HARMONICA IN BOX ,12,2010-12-05 12:02:00,1.25,15332.0,Lithuania
6604,536968,79321,CHILLI LIGHTS,48,2010-12-03 13:09:00,4.25,16013.0,United Kingdom
6605,536968,71477,COLOUR GLASS. STAR T-LIGHT HOLDER,120,2010-12-03 13:09:00,2.75,16013.0,United Kingdom
6606,536969,71477,COLOUR GLASS. STAR T-LIGHT HOLDER,192,2010-12-03 13:10:00,2.75,16013.0,United Kingdom
868,536477,21314,SMALL GLASS HEART TRINKET POT,48,2010-12-01 12:27:00,1.85,16210.0,United Kingdom
869,536477,84029E,RED WOOLLY HOTTIE WHITE HEART.,24,2010-12-01 12:27:00,3.39,16210.0,United Kingdom
870,536477,21137,BLACK RECORD COVER FRAME,480,2010-12-01 12:27:00,3.39,16210.0,United Kingdom
871,536477,22041,"RECORD FRAME 7"" SINGLE SIZE ",48,2010-12-01 12:27:00,2.1,16210.0,United Kingdom
872,536477,20979,36 PENCILS TUBE RED RETROSPOT,16,2010-12-01 12:27:00,1.25,16210.0,United Kingdom
873,536477,20977,36 PENCILS TUBE WOODLAND,16,2010-12-01 12:27:00,1.25,16210.0,United Kingdom
874,536477,22619,SET OF 6 SOLDIER SKITTLES,4,2010-12-01 12:27:00,3.75,16210.0,United Kingdom
875,536477,22571,ROCKING HORSE RED CHRISTMAS ,96,2010-12-01 12:27:00,0.72,16210.0,United Kingdom
876,536477,22595,CHRISTMAS GINGHAM HEART,144,2010-12-01 12:27:00,0.72,16210.0,United Kingdom
877,536477,22593,CHRISTMAS GINGHAM STAR,144,2010-12-01 12:27:00,0.72,16210.0,United Kingdom
878,536477,22633,HAND WARMER UNION JACK,12,2010-12-01 12:27:00,2.1,16210.0,United Kingdom
879,536477,22632,HAND WARMER RED RETROSPOT,12,2010-12-01 12:27:00,2.1,16210.0,United Kingdom
880,536477,22423,REGENCY CAKESTAND 3 TIER,16,2010-12-01 12:27:00,10.95,16210.0,United Kingdom
881,536477,22411,JUMBO SHOPPER VINTAGE RED PAISLEY,10,2010-12-01 12:27:00,1.95,16210.0,United Kingdom
3602,536638,20992,JAZZ HEARTS PURSE NOTEBOOK,12,2010-12-02 11:41:00,0.85,16244.0,United Kingdom
3603,536638,51014A,"FEATHER PEN,HOT PINK",12,2010-12-02 11:41:00,0.85,16244.0,United Kingdom
3604,536638,22113,GREY HEART HOT WATER BOTTLE,4,2010-12-02 11:41:00,3.75,16244.0,United Kingdom
3605,536638,22111,SCOTTIE DOG HOT WATER BOTTLE,3,2010-12-02 11:41:00,4.95,16244.0,United Kingdom
3606,536638,84032B,CHARLIE + LOLA RED HOT WATER BOTTLE,6,2010-12-02 11:41:00,2.95,16244.0,United Kingdom
3607,536638,84031B,CHARLIE LOLA BLUE HOT WATER BOTTLE ,3,2010-12-02 11:41:00,4.65,16244.0,United Kingdom
3608,536638,84031A,CHARLIE+LOLA RED HOT WATER BOTTLE ,3,2010-12-02 11:41:00,4.65,16244.0,United Kingdom
3609,536638,21430,SET/3 RED GINGHAM ROSE STORAGE BOX,4,2010-12-02 11:41:00,3.75,16244.0,United Kingdom
3610,536638,21429,RED GINGHAM ROSE JEWELLERY BOX,8,2010-12-02 11:41:00,1.65,16244.0,United Kingdom
3611,536638,21313,GLASS HEART T-LIGHT HOLDER ,12,2010-12-02 11:41:00,0.85,16244.0,United Kingdom
3612,536638,21108,FAIRY CAKE FLANNEL ASSORTED COLOUR,9,2010-12-02 11:41:00,2.55,16244.0,United Kingdom
3613,536638,47599B,BLUE PARTY BAGS ,6,2010-12-02 11:41:00,2.1,16244.0,United Kingdom
3614,536638,47566B,TEA TIME PARTY BUNTING,5,2010-12-02 11:41:00,4.65,16244.0,United Kingdom
3615,536638,22499,WOODEN UNION JACK BUNTING,3,2010-12-02 11:41:00,5.95,16244.0,United Kingdom
3616,536638,22090,PAPER BUNTING RETROSPOT,6,2010-12-02 11:41:00,2.95,16244.0,United Kingdom
3617,536638,22071,SMALL WHITE RETROSPOT MUG IN BOX ,6,2010-12-02 11:41:00,3.75,16244.0,United Kingdom
3618,536638,22070,SMALL RED RETROSPOT MUG IN BOX ,6,2010-12-02 11:41:00,3.75,16244.0,United Kingdom
3619,536638,21216,"SET 3 RETROSPOT TEA,COFFEE,SUGAR",4,2010-12-02 11:41:00,4.95,16244.0,United Kingdom
3620,536638,22637,PIGGY BANK RETROSPOT ,6,2010-12-02 11:41:00,2.55,16244.0,United Kingdom
3621,536638,20983,12 PENCILS TALL TUBE RED RETROSPOT,12,2010-12-02 11:41:00,0.85,16244.0,United Kingdom
3622,536638,20975,12 PENCILS SMALL TUBE RED RETROSPOT,24,2010-12-02 11:41:00,0.65,16244.0,United Kingdom
3623,536638,20750,RED RETROSPOT MINI CASES,2,2010-12-02 11:41:00,7.95,16244.0,United Kingdom
3624,536638,21041,RED RETROSPOT OVEN GLOVE DOUBLE,6,2010-12-02 11:41:00,2.95,16244.0,United Kingdom
3625,536638,21537,RED RETROSPOT PUDDING BOWL,4,2010-12-02 11:41:00,4.25,16244.0,United Kingdom
3626,536638,21533,RETROSPOT LARGE MILK JUG,3,2010-12-02 11:41:00,4.95,16244.0,United Kingdom
3627,536638,21527,RED RETROSPOT TRADITIONAL TEAPOT ,2,2010-12-02 11:41:00,7.95,16244.0,United Kingdom
3628,536638,21538,DAIRY MAID  PUDDING BOWL,4,2010-12-02 11:41:00,3.75,16244.0,United Kingdom
3629,536638,85216,ASSORTED CAKES FRIDGE MAGNETS,12,2010-12-02 11:41:00,0.65,16244.0,United Kingdom
3630,536638,84992,72 SWEETHEART FAIRY CAKE CASES,24,2010-12-02 11:41:00,0.55,16244.0,United Kingdom
3631,536638,84991,60 TEATIME FAIRY CAKE CASES,24,2010-12-02 11:41:00,0.55,16244.0,United Kingdom
3632,536638,22352,LUNCH BOX WITH CUTLERY RETROSPOT ,6,2010-12-02 11:41:00,2.55,16244.0,United Kingdom
3633,536638,84509A,SET OF 4 ENGLISH ROSE PLACEMATS,4,2010-12-02 11:41:00,3.75,16244.0,United Kingdom
3634,536638,84510A,SET OF 4 ENGLISH ROSE COASTERS,10,2010-12-02 11:41:00,1.25,16244.0,United Kingdom
3635,536638,22131,FOOD CONTAINER SET 3 LOVE HEART ,6,2010-12-02 11:41:00,1.95,16244.0,United Kingdom
3636,536638,21163,DO NOT TOUCH MY STUFF DOOR HANGER ,12,2010-12-02 11:41:00,1.45,16244.0,United Kingdom
3637,536638,21158,MOODY GIRL DOOR HANGER ,12,2010-12-02 11:41:00,1.45,16244.0,United Kingdom
3638,536638,21161,KEEP OUT BOYS DOOR HANGER ,12,2010-12-02 11:41:00,1.45,16244.0,United Kingdom
3639,536638,21159,MOODY BOY  DOOR HANGER ,12,2010-12-02 11:41:00,1.45,16244.0,United Kingdom
3640,536638,84970L,SINGLE HEART ZINC T-LIGHT HOLDER,12,2010-12-02 11:41:00,0.95,16244.0,United Kingdom
3641,536638,72741,GRAND CHOCOLATECANDLE,18,2010-12-02 11:41:00,1.45,16244.0,United Kingdom
3642,536638,22502,PICNIC BASKET WICKER SMALL,4,2010-12-02 11:41:00,5.95,16244.0,United Kingdom
3643,536638,22469,HEART OF WICKER SMALL,12,2010-12-02 11:41:00,1.65,16244.0,United Kingdom
3644,536638,22212,FOUR HOOK  WHITE LOVEBIRDS,6,2010-12-02 11:41:00,2.1,16244.0,United Kingdom
3645,536638,84406B,CREAM CUPID HEARTS COAT HANGER,8,2010-12-02 11:41:00,3.25,16244.0,United Kingdom
3646,536638,22188,BLACK HEART CARD HOLDER,4,2010-12-02 11:41:00,3.95,16244.0,United Kingdom
3647,536638,84971S,SMALL HEART FLOWERS HOOK ,24,2010-12-02 11:41:00,0.85,16244.0,United Kingdom
3648,536638,21390,FILIGRIS HEART WITH BUTTERFLY,24,2010-12-02 11:41:00,1.25,16244.0,United Kingdom
3649,536638,84836,ZINC METAL HEART DECORATION,12,2010-12-02 11:41:00,1.25,16244.0,United Kingdom
3650,536638,22297,HEART IVORY TRELLIS SMALL,24,2010-12-02 11:41:00,1.25,16244.0,United Kingdom
3651,536638,22335,HEART DECORATION PAINTED ZINC ,24,2010-12-02 11:41:00,0.65,16244.0,United Kingdom
3652,536638,22285,"DECORATION HEN ON NEST, HANGING",12,2010-12-02 11:41:00,1.65,16244.0,United Kingdom
3653,536638,22284,HEN HOUSE DECORATION,12,2010-12-02 11:41:00,1.65,16244.0,United Kingdom
3654,536638,21383,PACK OF 12 STICKY BUNNIES,12,2010-12-02 11:41:00,0.65,16244.0,United Kingdom
3655,536638,21381,MINI WOODEN HAPPY BIRTHDAY GARLAND,12,2010-12-02 11:41:00,1.69,16244.0,United Kingdom
3656,536638,21380,WOODEN HAPPY BIRTHDAY GARLAND,6,2010-12-02 11:41:00,2.95,16244.0,United Kingdom
3657,536638,47590B,PINK HAPPY BIRTHDAY BUNTING,3,2010-12-02 11:41:00,5.45,16244.0,United Kingdom
3658,536638,47590A,BLUE HAPPY BIRTHDAY BUNTING,3,2010-12-02 11:41:00,5.45,16244.0,United Kingdom
3659,536638,22210,WOOD STAMP SET BEST WISHES,12,2010-12-02 11:41:00,1.65,16244.0,United Kingdom
3660,536638,22209,WOOD STAMP SET HAPPY BIRTHDAY,12,2010-12-02 11:41:00,1.65,16244.0,United Kingdom
3661,536638,22208,WOOD STAMP SET THANK YOU,12,2010-12-02 11:41:00,1.65,16244.0,United Kingdom
3662,536638,22318,FIVE HEART HANGING DECORATION,6,2010-12-02 11:41:00,2.95,16244.0,United Kingdom
3663,536638,20974,12 PENCILS SMALL TUBE SKULL,24,2010-12-02 11:41:00,0.65,16244.0,United Kingdom
3664,536638,20982,12 PENCILS TALL TUBE SKULLS,12,2010-12-02 11:41:00,0.85,16244.0,United Kingdom
4945,536830,84077,WORLD WAR 2 GLIDERS ASSTD DESIGNS,2880,2010-12-02 17:38:00,0.18,16754.0,United Kingdom
4946,536830,21915,RED  HARMONICA IN BOX ,1400,2010-12-02 17:38:00,1.06,16754.0,United Kingdom
3913,536735,22659,LUNCH BOX I LOVE LONDON,128,2010-12-02 12:58:00,1.65,17381.0,United Kingdom
3914,536736,21703,BAG 125g SWIRLY MARBLES,192,2010-12-02 12:59:00,0.42,17381.0,United Kingdom
3915,536736,21790,VINTAGE SNAP CARDS,144,2010-12-02 12:59:00,0.72,17381.0,United Kingdom
3916,536736,21791,VINTAGE HEADS AND TAILS CARD GAME ,216,2010-12-02 12:59:00,1.06,17381.0,United Kingdom
3917,536736,22616,PACK OF 12 LONDON TISSUES ,600,2010-12-02 12:59:00,0.29,17381.0,United Kingdom
3918,536736,22555,PLASTERS IN TIN STRONGMAN,144,2010-12-02 12:59:00,1.65,17381.0,United Kingdom
211,536390,22941,CHRISTMAS LIGHTS 10 REINDEER,2,2010-12-01 10:19:00,8.5,17511.0,United Kingdom
212,536390,22960,JAM MAKING SET WITH JARS,12,2010-12-01 10:19:00,3.75,17511.0,United Kingdom
213,536390,22961,JAM MAKING SET PRINTED,12,2010-12-01 10:19:00,1.45,17511.0,United Kingdom
214,536390,22962,JAM JAR WITH PINK LID,48,2010-12-01 10:19:00,0.72,17511.0,United Kingdom
215,536390,22963,JAM JAR WITH GREEN LID,48,2010-12-01 10:19:00,0.72,17511.0,United Kingdom
216,536390,22968,ROSE COTTAGE KEEPSAKE BOX ,8,2010-12-01 10:19:00,8.5,17511.0,United Kingdom
217,536390,84970S,HANGING HEART ZINC T-LIGHT HOLDER,144,2010-12-01 10:19:00,0.64,17511.0,United Kingdom
218,536390,22910,PAPER CHAIN KIT VINTAGE CHRISTMAS,40,2010-12-01 10:19:00,2.55,17511.0,United Kingdom
219,536390,20668,DISCO BALL CHRISTMAS DECORATION,288,2010-12-01 10:19:00,0.1,17511.0,United Kingdom
220,536390,85123A,WHITE HANGING HEART T-LIGHT HOLDER,64,2010-12-01 10:19:00,2.55,17511.0,United Kingdom
221,536390,22197,SMALL POPCORN HOLDER,100,2010-12-01 10:19:00,0.72,17511.0,United Kingdom
222,536390,22198,LARGE POPCORN HOLDER ,50,2010-12-01 10:19:00,1.45,17511.0,United Kingdom
223,536390,21533,RETROSPOT LARGE MILK JUG,12,2010-12-01 10:19:00,4.25,17511.0,United Kingdom
224,536390,21080,SET/20 RED RETROSPOT PAPER NAPKINS ,96,2010-12-01 10:19:00,0.64,17511.0,United Kingdom
225,536390,21094,SET/6 RED SPOTTY PAPER PLATES,96,2010-12-01 10:19:00,0.64,17511.0,United Kingdom
226,536390,21086,SET/6 RED SPOTTY PAPER CUPS,48,2010-12-01 10:19:00,0.65,17511.0,United Kingdom
227,536390,21786,POLKADOT RAIN HAT ,144,2010-12-01 10:19:00,0.32,17511.0,United Kingdom
228,536390,22654,DELUXE SEWING KIT ,40,2010-12-01 10:19:00,4.95,17511.0,United Kingdom
229,536390,21485,RETROSPOT HEART HOT WATER BOTTLE,24,2010-12-01 10:19:00,4.25,17511.0,United Kingdom
230,536390,84029G,KNITTED UNION FLAG HOT WATER BOTTLE,24,2010-12-01 10:19:00,3.39,17511.0,United Kingdom
231,536390,84030E,ENGLISH ROSE HOT WATER BOTTLE,24,2010-12-01 10:19:00,3.75,17511.0,United Kingdom
232,536390,22174,PHOTO CUBE,48,2010-12-01 10:19:00,1.48,17511.0,United Kingdom
233,536390,22969,HOMEMADE JAM SCENTED CANDLES,96,2010-12-01 10:19:00,1.25,17511.0,United Kingdom
234,536390,85099B,JUMBO BAG RED RETROSPOT,100,2010-12-01 10:19:00,1.65,17511.0,United Kingdom
105,536380,22961,JAM MAKING SET PRINTED,24,2010-12-01 09:41:00,1.45,17809.0,United Kingdom
6559,536954,22943,CHRISTMAS LIGHTS 10 VINTAGE BAUBLES,100,2010-12-03 12:41:00,4.25,17809.0,United Kingdom
6575,536957,22617,BAKING SET SPACEBOY DESIGN,12,2010-12-03 12:43:00,4.95,17809.0,United Kingdom
6576,536957,22569,FELTCRAFT CUSHION BUTTERFLY,12,2010-12-03 12:43:00,3.75,17809.0,United Kingdom
6577,536957,22568,FELTCRAFT CUSHION OWL,12,2010-12-03 12:43:00,3.75,17809.0,United Kingdom
6578,536957,84032B,CHARLIE + LOLA RED HOT WATER BOTTLE,18,2010-12-03 12:43:00,2.95,17809.0,United Kingdom
6579,536957,84032A,CHARLIE+LOLA PINK HOT WATER BOTTLE,18,2010-12-03 12:43:00,2.95,17809.0,United Kingdom
6580,536957,22749,FELTCRAFT PRINCESS CHARLOTTE DOLL,18,2010-12-03 12:43:00,3.75,17809.0,United Kingdom
6581,536957,22940,FELTCRAFT CHRISTMAS FAIRY,18,2010-12-03 12:43:00,4.25,17809.0,United Kingdom
6582,536957,22909,SET OF 20 VINTAGE CHRISTMAS NAPKINS,24,2010-12-03 12:43:00,0.85,17809.0,United Kingdom
6583,536957,22652,TRAVEL SEWING KIT,24,2010-12-03 12:43:00,1.65,17809.0,United Kingdom
6584,536957,22910,PAPER CHAIN KIT VINTAGE CHRISTMAS,24,2010-12-03 12:43:00,2.95,17809.0,United Kingdom
6585,536957,22585,PACK OF 6 BIRDY GIFT TAGS,24,2010-12-03 12:43:00,1.25,17809.0,United Kingdom
6586,536957,21523,DOORMAT FANCY FONT HOME SWEET HOME,6,2010-12-03 12:43:00,7.95,17809.0,United Kingdom
6587,536957,22624,IVORY KITCHEN SCALES,24,2010-12-03 12:43:00,7.65,17809.0,United Kingdom
6607,536970,22423,REGENCY CAKESTAND 3 TIER,120,2010-12-03 13:12:00,10.95,17949.0,United Kingdom
